ISBN,Category
0440234743,Legal Thriller
0452264464,Literary Fiction
0971880107,Action & Adventure
0345417623,Science Fiction
0446310786,Classic Literature
0449005615,Narrative Nonfiction
0671888587,Suspense Thriller
0440225701,Legal Thriller
042511774X,Literary Fiction
0804106304,Literary Fiction
0140067477,Philosophy / Self-Help
0345465083,Narrative Nonfiction
0679429220,True Crime
0451166892,Historical Fiction
0786868716,Literary Fiction
0446612545,Mystery Thriller
0671027360,Religious Thriller
0060976845,Southern Gothic
0671004573,Suspense Thriller
038572179X,Historical Fiction
0446527165,Family Saga
0060977493,Literary Fiction
0345378490,Science Fiction
0375705856,Literary Fiction
0380717018,Crime Fiction
0380718332,Crime Fiction
0385730586,Young Adult Fiction
0446605484,Mystery Thriller
0446610399,Romantic Drama
0449911004,Literary Fiction
0452282152,Historical Fiction
155874262X,Self-Help
0060987103,Fantasy Fiction
0151008116,Literary Fiction
0804111359,Psychological Thriller
1558744150,Self-Help
044023722X,Legal Drama
0380730138,Literary Fiction
0142001740,Historical Fiction
038542471X,Legal Thriller
006101351X,Narrative Nonfiction
0440224675,Psychological Thriller
044021145X,Legal Thriller
0345424719,Literary Fiction
0375726403,Literary Fiction
0440226104,Suspense Thriller
0671021001,Literary Fiction
0805063897,Social Commentary
0671002481,Humorous Fiction
0842329129,Religious Fiction
0060915544,Literary Fiction
0312195516,Biblical Fiction
0312278586,Humorous Fiction
0156027321,Literary Fiction
0449907481,Literary Fiction
055356451X,Romantic Suspense
0446394521,Humorous Fiction
068484267X,Memoir
0060938455,Social Commentary
0440122090,Women's Fiction
0061009059,Crime Fiction
0446364193,Mystery Thriller
0446672211,Women's Fiction
0140293248,Romantic Comedy
0142000205,Southern Gothic
0385504209,Mystery Thriller
0385505833,Humorous Fiction
0446531332,Romantic Drama
0316776963,Humorous Nonfiction
0345391802,Science Fiction / Humor
0440211727,Legal Thriller
044022165X,Legal Thriller
0394820371,Children's Fantasy
0449134482,Historical Fiction
0345348036,Fantasy Fiction
0671510053,Literary Fiction
0743237188,Historical Fiction
0345443284,Suspense Thriller
0553273914,Magical Realism
0060928336,Southern Gothic
0671003755,Literary Fiction
0446601241,Mystery Thriller
0345384466,Gothic Horror
0380789035,Urban Fantasy
0440206154,Psychological Thriller
0345370775,Science Fiction
0380789019,Urban Fantasy
0380018179,Family Saga
1573225789,Memoir
0385335881,Humorous Fiction
0385335482,Humorous Fiction
0446606812,Romantic Drama
0060930535,Historical Fiction
0375702709,Literary Fiction
0671038184,Southern Gothic
0060916508,Classic Literature
0345361792,Literary Fiction
1400034779,Cozy Mystery
0786885688,Literary Fiction
0767902521,Travel Narrative
080410753X,Literary Fiction
0140244824,Literary Fiction
014025448X,Inspirational Fiction
0060934417,Literary Fiction
0440224624,Suspense Thriller
0743418174,Humorous Fiction
0375703055,Literary Fiction
0312243022,Literary Fiction
0375700757,Historical Fiction
0070212570,Humorous Fiction
0375725784,Memoir
0671042262,Mystery Thriller
0679731148,Travel Narrative
0440226430,Young Adult Fiction
089480829X,Health & Wellness
0688177751,Humorous Fiction
0375707972,Literary Fiction
0399501487,Classic Literature
0440224764,Legal Thriller
0553572997,Historical Thriller
0440236673,Legal Thriller
0440235162,Romantic Drama
0425158616,Crime Fiction
0425169863,Crime Fiction
0345380371,Mystery Thriller
0446610038,Mystery Thriller
0385492081,Adventure Nonfiction
067976402X,Historical Fiction
0425167313,Literary Fiction
034540288X,Science Fiction
0449212602,Dystopian Fiction
0684867621,Suspense Thriller
0671024248,Suspense Thriller
038548951X,Literary Fiction
0451524934,Classic Literature
0345350499,Fantasy Fiction
0312976275,Crime Fiction
059035342X,Children's Fantasy
0671708635,Self-Help
0345342968,Classic Literature
0060922532,Literary Fiction
0440236703,Mystery Thriller
0425175405,Crime Fiction
0380731851,Mystery Thriller
0553579754,Horror Fiction
0553279912,Crime Fiction
0345353145,Science Fiction
0446516538,Romantic Drama
0440214041,Legal Thriller
0140298479,Humorous Fiction
0345337662,Gothic Horror
0345351525,Gothic Horror
0385265700,Literary Fiction
1573229326,Humorous Fiction
0671617028,Classic Literature
0446605239,Romantic Drama
0743224574,Biography
0515130389,Romantic Suspense
0743412028,Inspirational Fiction
051513287X,Romantic Suspense
0618002219,Fantasy Fiction
0060392452,Political Commentary
0590353403,Children's Fantasy
0312291639,Humorous Fiction
0684874350,Memoir
0446611212,Mystery Thriller
034538475X,Gothic Horror
0380718340,Crime Fiction
0425147622,Crime Fiction
0312305060,Literary Fiction
0399146431,Historical Fiction
0375706771,Suspense Thriller
0452260116,Classic Literature
0060987561,Literary Fiction
0312150601,Literary Fiction
0786881852,Self-Help
1559029838,Classic Literature
0312966970,Crime Fiction
0380002930,Fantasy Fiction
0312971346,Crime Fiction
0060958022,Literary Fiction
1558743669,Memoir
0385720106,Suspense Thriller
0842329218,Religious Fiction
0440221471,Legal Thriller
0060502258,Southern Gothic
0671004107,Science Fiction
0439064872,Children's Fantasy
0679751602,Humorous Nonfiction
0515102652,Cozy Mystery
0140119906,Classic Literature
0446359866,Legal Thriller
0446612790,Mystery Thriller
002542730X,Humorous Fiction
039480001X,Children's Literature
068484477X,Historical Fiction
0553250531,Historical Fiction
0440213525,Legal Thriller
0439136350,Children's Fantasy
0316096199,Memoir
0449221504,Crime Fiction
0440211263,Women's Fiction
0553260111,Spy Thriller
0767900383,Travel Narrative
0425116840,Spy Thriller
074343627X,Horror Fiction
0553268880,Southern Gothic
0446611867,Romantic Drama
044651652X,Romantic Drama
034541389X,Mystery Thriller
0316284955,Literary Fiction
0060987529,Fantasy Fiction
0375727345,Suspense Thriller
0446608890,Mystery Thriller
0375703861,Literary Fiction
0312924585,Psychological Thriller
0425162443,Literary Fiction
0515131229,Romantic Suspense
038079487X,Women's Fiction
0684872153,Memoir
0380977788,Children's Fantasy
0345391055,Mystery Thriller
0316601950,Women's Fiction
0375502238,Literary Fiction
0451183665,Medical Thriller
014028009X,Humorous Fiction
0452282829,Literary Fiction
0385722206,Historical Fiction
0142001430,Historical Fiction
080410526X,Self-Help
0440235596,Women's Fiction
0671041789,Fantasy Fiction
0439139597,Children's Fantasy
0439064864,Children's Fantasy
043935806X,Children's Fantasy
0451184963,Horror Fiction
0440220602,Legal Thriller
042513525X,Horror Fiction
1400031354,Cozy Mystery
0446608955,Romantic Drama
0440241073,Legal Thriller
0425154092,Crime Fiction
0871136791,Historical Fiction
0312966091,Crime Fiction
0671001795,Crime Fiction
0425153975,Horror Fiction
0804114986,Historical Fiction
0312983271,Humorous Fiction
0553284789,Crime Fiction
0439136369,Children's Fantasy
0609804138,Humorous Nonfiction
0345387651,Literary Fiction
0060921145,Literary Fiction
0671042572,Southern Gothic
1400031362,Cozy Mystery
0679745203,Literary Fiction / War
0553279378,Memoir
0312983867,Crime Fiction
1400031346,Cozy Mystery
0440221595,Women's Fiction
0440222656,Romantic Drama
014029628X,Historical Fiction
0316780375,Suspense Thriller
0440236738,Mystery Thriller
0553280341,Crime Fiction
0553280368,Crime Fiction
0425147363,Spy Thriller